{"cameraMode":{"drawMode":0,"name":"Shaded","section":"Shading Mode"},"sceneLighting":true,"audioPlay":false,"sceneViewState":{"m_AlwaysRefresh":false,"showFog":true,"showSkybox":true,"showFlares":true,"showImageEffects":true,"showParticleSystems":true,"showVisualEffectGraphs":true,"m_FxEnabled":true},"in2DMode":false,"pivot":{"x":-80.72648620605469,"y":-54.20280456542969,"z":329.86712646484377},"rotation":{"x":0.022807283326983453,"y":-0.006003366783261299,"z":0.00013692582433577627,"w":0.9997206330299377},"size":133.02012634277345,"orthographic":false}